index,sub_index,item_type,brand,product,film_format,film_speed_iso,process,expiry_date,date_added,md5,uuid,filename,author
0,0,film_box_outside,Ilford,HP5 Plus,120,400,BW,202609,1736009233,11798276f80340be9e48e26e7e5b48df,36151f6b7cc045c2b43d7f5cbee41a5d,00000_000.jpg,dekuNukem
0,1,film_box_inside,Ilford,HP5 Plus,120,400,BW,202609,1736009786,6845d3cf182b8bc58c6c7eb052d4407f,3d64b751d4dd412889855a65731d5f25,00000_001.jpg,dekuNukem
1,0,film_box_outside,Alien Film,5207/250D,120,250,ECN-2,202606,1736009864,09a33a28cd3b4a4488b95c04617bd91e,aedc4b00bd174e0baf7c744ed21d8820,00001_000.jpg,dekuNukem
2,0,film_box_outside,Efiniti,UXi super 200,35mm,200,C-41,201310,1736009974,0e6e9c71fa8b3b3fbcf0eea82de1f5a5,cde1122dafbc47088a11d9ee12b6471a,00002_000.jpg,dekuNukem
4,0,film_box_outside,Harman,Phoenix,120,200,C-41,202608,1736010099,fbd497c31ef59703886e34b982385cf4,0b11ba38c9a34f58a2f13d696b05637f,00004_000.jpg,dekuNukem
4,1,film_box_inside,Harman,Phoenix,120,200,C-41,202608,1750810157,22d8c43a5a50b3477cb53bb8a5cb568a,c5a0132ac51a488ba35ebd6cc48911e7,00004_001.jpg,yc128
5,0,film_box_outside,Rollei,Retro 80S,120,80,BW,202602,1736010137,7fed7bd2ae90888b89b8ae5ece08b03a,fb2ccfebcf2f4a17afe00acaaea5e6c0,00005_000.jpg,dekuNukem
5,1,film_box_inside,Rollei,Retro 80S,120,80,BW,202602,1736010143,003c6478cac4383e08f58df68f9bdfb7,a57794309f6b44d784d9555b416a200c,00005_001.jpg,dekuNukem
6,0,film_box_outside,CineStill,800T,120,800,C-41,201803,1736010215,a50389fa5e262f6757f2f10591f4e668,53253eca96d841f5b98bfb3590fec86a,00006_000.jpg,dekuNukem
6,1,film_box_inside,CineStill,800T,120,800,C-41,201803,1736010221,98edba707265e5ad224d6046e905766e,6576b3b48e8244469a692f2e0edcd1a6,00006_001.jpg,dekuNukem
7,0,film_box_outside,Fujifilm,Fujicolor Super HR,35mm,200,C-41,199002,1736010370,4e3df7c7aa9384d13417f10f40297e35,2d27c9a865aa4de19ad8dc0bcdc8aaa0,00007_000.jpg,dekuNukem
7,1,film_box_leaflet,Fujifilm,Fujicolor Super HR,35mm,200,C-41,199002,1736010374,0062a3d245a2a11285a79a6b90906294,a179b7257aaf455fa69df546545457f6,00007_001.jpg,dekuNukem
7,2,film_box_leaflet,Fujifilm,Fujicolor Super HR,35mm,200,C-41,199002,1736010379,413560c61189cb9045d0db2a9b3ac576,e5688fcb7e8943a987ca6b882275ca7b,00007_002.jpg,dekuNukem
8,0,film_box_outside,Lomography,Lomochrome Turquoise,120,100-400,C-41,202507,1736011766,62412f1081768044940bc53458134fe3,99643a4fc27b4ff298e834fc72970d90,00008_000.jpg,dekuNukem
8,1,film_box_inside,Lomography,Lomochrome Turquoise,120,100-400,C-41,202507,1736012171,660ff2d641a9a81abf74cf4c3675f182,adc4ed82e419439c8bec5348db4a1ca2,00008_001.jpg,dekuNukem
9,0,film_box_outside,Ilford,SFX 200,120,200,BW,201309,1736012219,e47126404808616d50e2aeec24fb0541,7856b5442362453caa67628c93be6057,00009_000.jpg,dekuNukem
9,1,film_box_inside,Ilford,SFX 200,120,200,BW,201309,1736012224,9581abfd6886e6fd752725b9d300c0ff,2579a55634474187bac08797a02f422d,00009_001.jpg,dekuNukem
10,0,film_box_outside,Agfa,ULTRA 50,35mm,50,C-41,200110,1736012345,f246aea866b7fe67b6818dba1a7d9859,d10e846ba5154f1d940ed7009a904faa,00010_000.jpg,dekuNukem
10,1,film_box_inside,Agfa,ULTRA 50,35mm,50,C-41,200110,1736012356,0183338f6ca3311a33fd3c8af2ecf50d,8594d11f816c45b6a18dd122f8e38fc0,00010_001.jpg,dekuNukem
11,0,film_box_outside,Agfa,APX,120,100,BW,200807,1736012462,3f162e57b88ca347f352401bed13d033,a20bbca534454915a6970b6ede2212c7,00011_000.jpg,dekuNukem
11,1,film_box_inside,Agfa,APX,120,100,BW,200807,1736012466,b4dd3637abaeeb348a784e97ecd5afb8,dd262792b6a446dcab73a07738f8a8dd,00011_001.jpg,dekuNukem
12,0,film_box_outside,Fujifilm,Fujicolor Superia,120,400,C-41,200205,1736012528,0f8b58c33d22b7ac5f9356dea6728198,c3d9e51d22e241f69133be30d5a00683,00012_000.jpg,dekuNukem
12,1,film_box_inside,Fujifilm,Fujicolor Superia,120,400,C-41,200205,1736012532,9aae5bf0d88a5b78cda7c807df639085,5cd39510c35f4b9cbae3089311db118f,00012_001.jpg,dekuNukem
13,0,film_box_outside,Lloyds Pharmacy,Colour Film,35mm,200,C-41,200907,1736012624,44bf582914dd71ce85f396d7a0540792,c58dda071d1741fda90e20b4252277d9,00013_000.jpg,dekuNukem
14,0,film_box_outside,Agfa,Vista,35mm,200,C-41,200312,1736012648,11e9c6f8ed84f8b67f30ec73216ca83b,f1e50745927f4b7cb16af36fd30dd3af,00014_000.jpg,dekuNukem
14,1,film_box_inside,Agfa,Vista,35mm,200,C-41,200312,1736012650,a4b69285070de21faddbab985e4e9bfc,300a430fc19f4eeeb4892e58d3c3cd56,00014_001.jpg,dekuNukem
15,0,film_box_outside,Kentmere,PAN,35mm,400,BW,202906,1736012686,640caf7d714e853edb3cc617ae7b076f,d2cf9753f6fd49a78404c72d848a827e,00015_000.jpg,dekuNukem
15,1,film_box_inside,Kentmere,PAN,35mm,400,BW,202906,1736012688,203a4e7fe29e1081949f484d01e02b13,3514628a650741c8abb104047d809f55,00015_001.jpg,dekuNukem
16,0,film_box_outside,Ilford,HP5 Plus,120,400,BW,202511,1736012716,87bc1d4a816c98be17f295300f214993,ddf9b76e633f43718144af7dcb89efad,00016_000.jpg,dekuNukem
16,1,film_box_inside,Ilford,HP5 Plus,120,400,BW,202511,1736012719,72114f54b27f19218eb3633195e26cb9,1d938d2d844d498caf9fe2bc83618dda,00016_001.jpg,dekuNukem
17,0,film_box_outside,Kodak,High Speed Ektachrome,120,160,E-2,196301,1736012891,2290616ea75d47f89f83ffae0b7f3312,ec7cf78858fc48c59e5a0875ec74ce7f,00017_000.jpg,dekuNukem
18,0,film_box_outside,Polaroid,665,Pack Film,80,Instant,199608,1736023755,1bcecb1b015e966a2c56b57937610221,311d896d68b74b1193afcfa129c5e054,00018_000.jpg,dekuNukem
19,0,film_box_outside,Polaroid,PolaBlue,35mm,12,Instant,199208,1736023839,859db4fa936272430f29a27d3d3cb689,8236180d686f4e9ca4aa8e6fc397df66,00019_000.jpg,dekuNukem
20,0,film_box_outside,Polaroid,669,Pack Film,80,Instant,200603,1736023886,b0cd45b17c81925263d5d7993a2202a4,bb62de3a22c04f699c780aeae7c83566,00020_000.jpg,dekuNukem
21,0,film_box_outside,Kodak,Gold,35mm,200,C-41,202611,1736023928,5f33dbc02c379946e4359cc9eb88a597,e8aefc10fa0d43cebbac73bdcf10933f,00021_000.jpg,dekuNukem
22,0,film_box_outside,Fujifilm,Pro 400H,120,400,C-41,201809,1736023971,49a08247ec78404771de7e39ebb6c7a9,0d89ecf11f3c46deb52171aa909566e3,00022_000.jpg,dekuNukem
23,0,film_box_outside,Fujifilm,Velvia 100F,120,100,E-6,200604,1736024062,8213c32039517c81dada2b71e2aa9700,0fef128c3b17437eb25d5c4f0520f7fb,00023_000.jpg,dekuNukem
24,0,film_box_outside,Kodak,Kodacolor-X,126,80,C-22,197505,1736024127,1590b8adf1455a9ffebc900f7ac7d11a,5a3d2ba8ff7649c9b3450d7069445302,00024_000.jpg,dekuNukem
25,0,film_box_outside,Kodak,Ektachrome,110,64,Unknown,197910,1736024383,1ae62f8e86e136b5c71afe68b8defa69,8131d8c6fbf14016be9c17a2586b07c0,00025_000.jpg,dekuNukem
26,0,film_box_outside,Kodak,Kodachrome,110,64,K-14,197910,1736024463,0d0fd5d7580c1e347aaa9649dd41c3b4,68c945b76fc14ab699b944a3c7b93145,00026_000.jpg,dekuNukem
26,1,film_box_processing_envelope,Kodak,Kodachrome,110,64,K-14,197910,1736024466,ba7da15cc1e73579c1cc489743d458dd,54ea8372830b463391dec9cc43789bdf,00026_001.jpg,dekuNukem
26,2,film_box_processing_envelope,Kodak,Kodachrome,110,64,K-14,197910,1736024471,a364807333abda8ca31975605de722a0,045746d5a421440487c431bf74ad0091,00026_002.jpg,dekuNukem
27,0,film_box_outside,Kodak,Ektacolor Pro Gold,220,160,C-41,200007,1736024519,fb2fd29fa9a4c0515aa5d2630213c8bc,7456456d09c844c8ab046abd9c17c3f8,00027_000.jpg,dekuNukem
27,1,film_box_inside,Kodak,Ektacolor Pro Gold,220,160,C-41,200007,1736024573,01fe05b44c890447bd550e9755d38147,e9e4b4c649dc4b62aecc7bc004a1a6ff,00027_001.jpg,dekuNukem
27,2,film_box_leaflet,Kodak,Ektacolor Pro Gold,220,160,C-41,200007,1736024586,15167b9ca91f10e70ea76d1dab7cf407,c13296cf46f04c1dba4ef93110f3ca71,00027_002.jpg,dekuNukem
27,3,film_box_leaflet,Kodak,Ektacolor Pro Gold,220,160,C-41,200007,1736024592,3f90912ae1dcdc4af530b6c5d2e7d3ea,53e024b9a272410888a6d44549f7ceb0,00027_003.jpg,dekuNukem
28,0,film_box_outside,Kodak,Tri-X,120,400,BW,202512,1736024650,45ee2f6b24a06945012c0f9f7ae4b7bd,f7f99b9d46a4491c9cbfda4f030f88c5,00028_000.jpg,dekuNukem
29,0,film_box_outside,Polaroid,PolaChrome,35mm,40,Instant,199209,1736046040,09cfddc8dd7ae52d17cf02ac07a839f6,b0041b1e44a64f6591d49e918e033b60,00029_000.jpg,dekuNukem
30,0,film_box_outside,Rollei,Infrared,120,200,BW,202708,1736046075,eb1ea2f258d651e5036a96b6be331bfc,b7bb7d65979543d0a8e5c9179d734f54,00030_000.jpg,dekuNukem
31,0,film_box_outside,Polaroid,GridFilm,Integral Film,640,Instant,200610,1736046197,5f1b719a68bd00716ca5d8577ab310c1,4f1aabf29f724c9ea3b2bee414b08deb,00031_000.jpg,dekuNukem
31,1,film_box_outside,Polaroid,GridFilm,Integral Film,640,Instant,200610,1736046204,8c0a0413f57a2a74c7808fbac96c0d1a,1dda008c9a844e1b9b64527511fdc282,00031_001.jpg,dekuNukem
31,2,film_box_inside,Polaroid,GridFilm,Integral Film,640,Instant,200610,1736046208,49ee7709b9fcefb59aa9378b2dca83cf,727d6925fdca4834bd96d71c32f40077,00031_002.jpg,dekuNukem
31,3,film_box_inside,Polaroid,GridFilm,Integral Film,640,Instant,200610,1736046214,85776f3faff6c374899401be29675d57,aa6fba27f7c9484291dbf8279a8e3d18,00031_003.jpg,dekuNukem
32,0,film_box_outside,Fujifilm,Fujichrome Professional 100D,120,100,E-6,199212,1736046273,4d5869a6882515cea095f2f81c86a0c1,5dcdd19ddf654415b7eac69183e7439d,00032_000.jpg,dekuNukem
32,1,film_box_leaflet,Fujifilm,Fujichrome Professional 100D,120,100,E-6,199212,1736046275,c435ca4ab2177e0fbd011f76e16cea5e,2e00754170744438a318b7f71da1c977,00032_001.jpg,dekuNukem
32,2,film_box_leaflet,Fujifilm,Fujichrome Professional 100D,120,100,E-6,199212,1736046279,db36b26bb1adcc4649494bb76fefeaf0,2d0ef64e672342509bad0f88d7908974,00032_002.jpg,dekuNukem
33,0,film_box_outside,Jessops,Diamond Everyday,APS,200,C-41,200610,1736046322,0fa60a27575a8fc386f25d66d01adeff,b53e5c167866448d812a4dc8e85967d3,00033_000.jpg,dekuNukem
34,0,film_box_outside,Fujifilm,Fujicolor NPL 160,120,160,C-41,199807,1736046435,b79bdcb86abe287c451d4523b743cc8d,ce40cc432d9e445b987fdd72fd88d10b,00034_000.jpg,dekuNukem
34,1,film_box_leaflet,Fujifilm,Fujicolor NPL 160,120,160,C-41,199807,1736046438,33899ae1eb7d7a57aa1eac5e7b25fe33,2e3f349e094b49d8ba6e026a98eb1455,00034_001.jpg,dekuNukem
34,2,film_box_leaflet,Fujifilm,Fujicolor NPL 160,120,160,C-41,199807,1736046441,f531f27285c6d013266623177bbba0a3,10efb3e22574460db3db552e55684945,00034_002.jpg,dekuNukem
35,0,film_box_outside,Kodak,Kodachrome,35mm,25,K-14,197801,1736046471,d8b943aed7ddca186795b8128126a6b6,483191da2aa742bba3343cbe9f296477,00035_000.jpg,dekuNukem
35,1,film_box_leaflet,Kodak,Kodachrome,35mm,25,K-14,197801,1736046473,d31692e7b4e877dd309021584e532928,71a9b098894d4f00a8006ba4b37783b8,00035_001.jpg,dekuNukem
35,2,film_box_leaflet,Kodak,Kodachrome,35mm,25,K-14,197801,1736046478,2bed0490dcf11762fa2b29424f7f2800,547384566f7d4aff89c18059a11e7f0b,00035_002.jpg,dekuNukem
35,3,film_box_processing_envelope,Kodak,Kodachrome,35mm,25,K-14,197801,1736046482,5e7caeb28399f21ad0958628711aac85,a64a927ad3a348ae9eeb445a9725acfa,00035_003.jpg,dekuNukem
35,4,film_box_processing_envelope,Kodak,Kodachrome,35mm,25,K-14,197801,1736046510,b87213bf8f94aae1b10c681f96ad282a,754d321490a3453981be592ac6221b8d,00035_004.jpg,dekuNukem
36,0,film_box_outside,Konica,Infrared 750nm,120,32,BW,200003,1736085980,b49f863c50fd74afc126c9a53da7e389,63b2857f2df549878446cc1963362d93,00036_000.jpg,dekuNukem
37,0,film_box_outside,Kodak,Technical Pan 6415,120,25,BW,198805,1736086038,7a34a2f430def88aafff771039cddbbe,3a03860d64d2400caee97955197703be,00037_000.jpg,dekuNukem
37,1,film_box_leaflet,Kodak,Technical Pan 6415,120,25,BW,198805,1736086040,1f4e7b48d6bfd1c31dc4461bcb52a8db,579e1eee184e49669d586cf512ec1bc8,00037_001.jpg,dekuNukem
37,2,film_box_leaflet,Kodak,Technical Pan 6415,120,25,BW,198805,1736086046,086a3d164ec190626d5f790579c66b5d,6bcd669b9d2e44c6929e55a446d1d075,00037_002.jpg,dekuNukem
38,0,film_box_outside,Efke,IR 820,120,100,BW,201303,1736086160,1aaefdee86fb6a7b20a4278667021c40,716e410a3823476e9befa704361f43c9,00038_000.jpg,dekuNukem
38,1,film_box_inside,Efke,IR 820,120,100,BW,201303,1736086162,e11c51146023db28ae579ad528bebba1,4c7b545000f04f4da046d18c43575e19,00038_001.jpg,dekuNukem
39,0,film_box_outside,Konica,Infrared 750nm,120,32,BW,199102,1736086214,554c22eff2afd7ce00c75d1f799214e2,79a0275aee8e43e895b5794a8538e696,00039_000.jpg,dekuNukem
39,1,film_box_leaflet,Konica,Infrared 750nm,120,32,BW,199102,1736086217,fee652eff3ef0ca47b9051e73f59e14f,b5abc293fb26450eab9bfdda971cf1ad,00039_001.jpg,dekuNukem
40,0,film_box_outside,Fujifilm,Fujicolor 100,35mm,100,C-41,201007,1736682742,ecf194176385e44c01e58f11d2c6c689,27d88b35933b4ede958b5b5b5b42013b,00040_000.jpg,b0baspace
41,0,film_box_outside,Kodak,Verichrome Pan,620,125,BW,197103,1736682812,c5b6e29fb3ae155bf774eec321b9d096,75c7c232d44949c3b1d766b0d2580195,00041_000.jpg,b0baspace
42,0,film_box_outside,Kodak,Elite Chrome,35mm,100,E-6,200108,1736883648,822bb92f035ca8033f74cc904e92a58d,e0b3ec957ade47a99d5cd5abe2a4523c,00042_000.jpg,@ob.skura
43,0,film_box_outside,Kodak,Ultra,35mm,400,C-41,200512,1736883694,ef81d7f1158bb8008794f48bbd700437,77dfbdf80e3a4950b40c7ea8c1e369a1,00043_000.jpg,@ob.skura
44,0,film_box_outside,Fujifilm,Velvia,35mm,50,E-6,200101,1736883763,306dd5f049828db47e7e2089771de0bb,9b9ee1c1c0e94d968674987799d33182,00044_000.jpg,@ob.skura
44,1,film_box_leaflet,Fujifilm,Velvia,35mm,50,E-6,200101,1736883767,61de8ebeb22ba4901e02c48244fb82e4,2e2e20a0b57542e4908ad9fc825e7e76,00044_001.jpg,@ob.skura
44,2,film_box_leaflet,Fujifilm,Velvia,35mm,50,E-6,200101,1736883772,47e3432812d07155f874f8afac7de0da,03951cb49c8a44229aa4b5760744fc6f,00044_002.jpg,@ob.skura
45,0,film_box_outside,Kodak,High Speed Ektachrome,35mm,160,E-4,197006,1736883871,6032ff6adc51444c16da8db94c9646ac,9702189f65de43c59fce151094a7ec3d,00045_000.jpg,@ob.skura
45,1,film_box_leaflet,Kodak,High Speed Ektachrome,35mm,160,E-4,197006,1736883874,28a0b7e0f1e2684ba1aabb16fe3f7053,1fc1082f5b524367820b31b7669e86cd,00045_001.jpg,@ob.skura
45,2,film_box_leaflet,Kodak,High Speed Ektachrome,35mm,160,E-4,197006,1736883879,38481a7088204674dceeedb15421edef,6b248d300438476aa38c9b6bce04fc87,00045_002.jpg,@ob.skura
46,0,film_box_outside,Porst,Color N21,35mm,100,C-22,197401,1736884074,a317d58f048720aa4e7701a44da0ffa1,e08418889f714c9dbda0858718e0494a,00046_000.jpg,@ob.skura
46,1,film_box_leaflet,Porst,Color N21,35mm,100,C-22,197401,1736884076,e869423af5d6a26dbdbf3f4252c11516,e9bc17db34fa4b779e283c96c92b2359,00046_001.jpg,@ob.skura
47,0,film_box_outside,Rollei,Infrared,35mm,200,BW,202704,1737477709,494bf6d49706ed25c15d71a6715f8744,9ef642a09d294cbfad7e040a701deae2,00047_000.jpg,@ob.skura
47,1,film_box_inside,Rollei,Infrared,35mm,200,BW,202704,1737477712,2450d85c976246bcc14f8e0a459ff7ed,5bbaeaec47a046a683f87f266c73e71e,00047_001.jpg,@ob.skura
48,0,film_box_outside,Ilford,Delta,120,100,BW,202408,1737477814,2aaf2d853e3d4547d378376c00c3349f,e39c5eca4e3e4e5badfa00ee512deb8d,00048_000.jpg,@ob.skura
48,1,film_box_inside,Ilford,Delta,120,100,BW,202408,1737477817,5942428ddad82d7acb19eb41e715b3d1,e4c76c5b957347178af448f4aa6001d0,00048_001.jpg,@ob.skura
49,0,film_box_outside,Wolfen,NC500,35mm,400,C-41,202612,1737477883,306dda03514084ae946b4f48eee07906,6e3408d7e97247e380ea52077a7491c1,00049_000.jpg,@ob.skura
50,0,film_box_outside,Shanghai,GP3,127,100,BW,202407,1737477955,bc5026cd028d2eeb980c3b777415075e,0e16f7ae50164c658acd22b8d62e52aa,00050_000.jpg,@ob.skura
51,0,film_box_outside,York Photo Labs,DXG 200,35mm,200,C-41,199409,1738666458,9c6ef0a41cc09d618fc3d39429115193,46037fb6c55244b6ae47c55d0e454bf8,00051_000.jpg,b0baspace
52,0,film_box_outside,Kodak,Ektachrome,35mm,200,E-6,199210,1738666510,79c7448cdff749dc1e8d624091326c8e,7d8346073bbe4d6a84e57cc2bb28b21e,00052_000.jpg,b0baspace
52,1,film_box_leaflet,Kodak,Ektachrome,35mm,200,E-6,199210,1738666514,577319e12485b0ac53ad68f0bf5008a8,cbae471aa4184cbeabc5b1f8b49f8943,00052_001.jpg,b0baspace
52,2,film_box_leaflet,Kodak,Ektachrome,35mm,200,E-6,199210,1738666518,1d647ed12e669816e2427340c3c4b382,c6c1d49626e14661a700da5b26e07ca8,00052_002.jpg,b0baspace
53,0,film_box_outside,Fujifilm,NPS,35mm,160,C-41,200308,1738666571,2fe5f5494ea53c47ccfc5842e22b5f0c,576142521c2f4fe5abc387032bcc5e85,00053_000.jpg,b0baspace
53,1,film_box_inside,Fujifilm,NPS,35mm,160,C-41,200308,1738666573,716cc556f2d4c05cf3aa13bc0a12ebf1,a11cf7e8abea41a8854da816157269c4,00053_001.jpg,b0baspace
54,0,film_box_outside,GAF,Color Slide Film,126,64,AR-1,197401,1738666701,2aa9c283a4fe5958e3d9faa7aedd746e,c426ea17398c4c549c6a2720103adea6,00054_000.jpg,b0baspace
54,1,film_box_leaflet,GAF,Color Slide Film,126,64,AR-1,197401,1738666704,1cdf0ec6f40a3a84cf002aa5e6aad8f1,f8987f712bca4daaae3f732500332332,00054_001.jpg,b0baspace
54,2,film_box_leaflet,GAF,Color Slide Film,126,64,AR-1,197401,1738666712,f27b881e2e7cbd67ac8fd04b3dfd29bf,02c9a3b0b9f547c4ab3cabb2d1173fdf,00054_002.jpg,b0baspace
54,3,film_box_processing_envelope,GAF,Color Slide Film,126,64,E-6,197401,1738666715,b6a970a887b41d0c86f4dc791f36ccc7,a332a7492f2b4a708c8a0ead5b9af986,00054_003.jpg,b0baspace
54,4,film_box_processing_envelope,GAF,Color Slide Film,126,64,E-6,197401,1738666720,0edf8ea5072e53d2f672b4bc72f7f7ac,dd9347600c9a47299504239d1038f0dd,00054_004.jpg,b0baspace
54,5,film_box_processing_envelope,GAF,Color Slide Film,126,64,E-6,197401,1738666725,11f70dda11017d8dfa2fee782d76e230,90cc6194552d42dd873d9af54a9bc283,00054_005.jpg,b0baspace
55,0,film_box_outside,Fujifilm,Provia 100F,35mm,100,E-6,202009,1740175404,11a02661d9dfda0ff824e02e1abacdf9,a3603dbdd8ca49b893c8ce2bc76f356d,00055_000.jpg,@seklerek
56,0,film_box_outside,Fujifilm,Velvia 100F,35mm,100,E-6,200703,1740175436,e855ec9f9e45b8d363b7a6fffb8e6d00,ce5c1d786286427ba5633091b06432d4,00056_000.jpg,@seklerek
57,0,film_box_outside,Alien Film,5222/XX,35mm,250,BW,202406,1748116820,7e12b1520d94a257ab94ae5e9ba8f64d,9984ed6c13cd4be496e7e4b58e313e49,00057_000.jpg,dekuNukem
58,0,film_box_outside,Kentmere,PAN,35mm,400,BW,202609,1748116856,353c31068a9fe6d21d1d75fa71f1b9ea,e876f866f1e9430494356ad098c7d223,00058_000.jpg,dekuNukem
58,1,film_box_inside,Kentmere,PAN,35mm,400,BW,202609,1748116859,65e0277a51cb91495e6fe34b0b1f05e3,ecc653f10f124afe9b4225edb7e06587,00058_001.jpg,dekuNukem
59,0,film_box_outside,Three Film Rolls,5207,35mm,250,ECN-2,202512,1748116909,3191daf4d9fb86ebe20ab760304d6c25,4de0f5e76dd748c488fa81be23340292,00059_000.jpg,dekuNukem
60,0,film_box_outside,Kodak,Kodachrome,35mm,64,K-14,200705,1748116947,1a7d186200ebf9ae3542b767d2b4593d,dc9c151b87de48339e564e6692663206,00060_000.jpg,dekuNukem
62,0,film_box_outside,Klick,XD200,110,200,C-41,199802,1748117045,4c4dc6eace5c679c40b79b01b148c0ad,2276628aa2794442ae81221329fc44d7,00062_000.jpg,dekuNukem
63,0,film_box_outside,Klick,APS Film,APS,200,C-41,200610,1748117086,90bcffd5d238709988ced80edf7c7ec1,1dc3d9dbb8bb42b4acfbfbe0737a4b88,00063_000.jpg,dekuNukem
63,1,film_box_inside,Klick,APS Film,APS,200,C-41,200610,1748117088,1a06225556eed8ea0fc68f2491d1badb,dff53610cf16453fb97135efcc0eed86,00063_001.jpg,dekuNukem
64,0,film_box_outside,Kodak,Kodacolor-X,120,80,C-22,197401,1748117141,2dd9c2fb8145009cab707c5370d72081,01bfcffd1db54d6eadefbc1442f7a4b1,00064_000.jpg,dekuNukem
64,1,film_box_leaflet,Kodak,Kodacolor-X,120,80,C-22,197401,1748117143,4e343b50afa66c188ee12217f3214704,20e8ec19e41a4c1e99eac4cd7ce097fa,00064_001.jpg,dekuNukem
64,2,film_box_leaflet,Kodak,Kodacolor-X,120,80,C-22,197401,1748117147,1b89fc9c8796f1dfa9f5cffb2923e48e,fc168256a6044253a1cf1c8362cf5c50,00064_002.jpg,dekuNukem
65,0,film_box_outside,ADOX,KB17,35mm,40,BW,196401,1748117257,0634241dfe104b5cf9f7dc7911086430,14047842e1a641268bfd4d01fcf02c95,00065_000.jpg,dekuNukem
65,1,film_box_inside,ADOX,KB17,35mm,40,BW,196401,1748117259,93e9f0f4e3800aaa04b4cd7d6d935eb6,04f60deb3d044553a9d662db1d30d3b7,00065_001.jpg,dekuNukem
66,0,film_box_outside,Kodak,Advantix Ultra,APS,200,C-41,200608,1748117358,1d3ad17cd5e5cab8be59bac3300b770c,041622f239024ffb8b75c367619a566b,00066_000.jpg,dekuNukem
67,0,film_box_outside,Lloyds Pharmacy,APS Film,APS,200,C-41,200708,1748117415,5249c678ba2a7e621d8ba1de6ebd72cb,44bd7d4688e04d19a958d961c2abc7cf,00067_000.jpg,dekuNukem
68,0,film_box_outside,Kodak,Gold,110,200,C-41,198812,1748117460,5b2922fabcf249c39cdfa7e498845068,78bfeed667154d819902ec92d7dcf368,00068_000.jpg,dekuNukem
69,0,film_box_outside,Kodak,TMAX,120,100,BW,202307,1748118443,6897b288dde15283820dc72852155481,9a43d0c373354e1989ea7bb7a43db3b1,00069_000.jpg,dekuNukem
70,0,film_box_outside,Foma,Fomapan,120,200,BW,202703,1749159167,642d9d7b4f2d9afc7bc7d5dc83e199a0,7be1cb0047f14034a7386cd7b1843e4f,00070_000.jpg,benikum
70,1,film_box_inside,Foma,Fomapan,120,200,BW,202703,1749159171,735522d2c35d1341f2730620d1b32a34,b049b10ae15b40319e7b70fed1ccbd71,00070_001.jpg,benikum
71,0,film_box_outside,Rollei,SUPERPAN,35mm,200,BW,202801,1749159213,f9d841ec1f0f84ce22c5c05fdd1b3dcf,f22d3e1e2f70453f87aea4b67db3ee8f,00071_000.jpg,benikum
71,1,film_box_inside,Rollei,SUPERPAN,35mm,200,BW,202801,1749159215,12fb5fabda8fa16c180af524bdd385a1,7c96a37e3f0f4550876f507554b2a6dd,00071_001.jpg,benikum
72,0,film_box_outside,Rossmann,Jahreszeiten Pack,35mm,100,C-41,200605,1749159327,e775ab99adbc91a7fdcb14b2c5798c52,b09413c4c1f44fceaa31ea8e50bf7670,00072_000.jpg,benikum
73,0,film_box_outside,Fujifilm,200,35mm,200,C-41,202606,1749159539,ccfcbb47c1b477ab7a179a35e20e11b6,fe02d85cb9294ee2ba64e8543ce65b41,00073_000.jpg,Yrikonchik
74,0,film_box_outside,Foma,Fomapan21,120,100,BW,197104,1750530016,f81204d618a5ede22582ac50855c13d4,098e510bfaa14be39697b9d8218475d9,00074_000.jpg,benikum
76,0,film_box_outside,Harman,Phoenix,35mm,200,C-41,202512,1750810183,b4b7457dc2855247d1566f42228391b5,2fe522ef01b84a9aa6263807135f8eb4,00076_000.jpg,yc128
76,1,film_box_inside,Harman,Phoenix,35mm,200,C-41,202512,1750810186,846b4d8324d2939e388498fd1f83e470,a7a70b20b4224baeb85c732245eb31d1,00076_001.jpg,yc128
77,0,film_box_outside,Kosmo Foto,Mono,35mm,100,BW,202704,1750810216,65dca3e7250ca6f8d8369a4f85add199,678648d080ba4e3e8f8e3bd7f429b74f,00077_000.jpg,yc128
78,0,film_box_outside,Lomography,Lomochrome Purple,35mm,100-400,C-41,202705,1753147038,9a5fe29b22c05280907e16cbccfdf422,b02540ba4b454a639f8096f9474d068f,00078_000.jpg,@SirBrentsworth
78,1,film_box_inside,Lomography,Lomochrome Purple,35mm,100-400,C-41,202705,1753147042,cde760f241672d940e622dceea0a7087,bd02e2aa40df4da59c616139d8d06db6,00078_001.jpg,@SirBrentsworth
79,0,film_box_outside,Kodak,UltraMax,35mm,400,C-41,202703,1753147086,750ddf24b865d51c2d1a0eedc71f4816,8b0e255948ad4bbc8689d371569caaa6,00079_000.jpg,@SirBrentsworth
80,0,film_box_outside,Kodak,Gold,35mm,200,C-41,202606,1753147120,aeae7834fa7c1ad7c2acf6f397d46b94,d2e434e91001465dbea2d815d5e23e7f,00080_000.jpg,@SirBrentsworth
81,0,film_box_outside,Kodak,Ektar,35mm,100,C-41,202609,1753147151,339356bdabf391f6105a9f8b338b78cb,8552091a80a844a5aec3e9b8185e3498,00081_000.jpg,@SirBrentsworth
82,0,film_box_outside,Kentmere,PAN,35mm,100,BW,202811,1753147190,9b5ed369622c255dd80506510300ab3f,c4c934a23c59430f8b99c71a9322c907,00082_000.jpg,@SirBrentsworth
82,1,film_box_inside,Kentmere,PAN,35mm,100,BW,202811,1753147194,018f9cf193d17c2d204784af8eaa19bb,c91fc253637a47dc8507a7dab7d38475,00082_001.jpg,@SirBrentsworth
83,0,film_box_outside,Ilford,HP5 Plus,35mm,400,BW,202806,1753147235,14edfa4588632e7cbe932ca5e6c893a2,8db6d8343d544c21bfd539c32525df49,00083_000.jpg,@SirBrentsworth
83,1,film_box_inside,Ilford,HP5 Plus,35mm,400,BW,202806,1753147238,b82c18862c1a431c9c806452fd040f54,aa635d75717e4083a0ab53a0c2e1b892,00083_001.jpg,@SirBrentsworth
84,0,film_box_outside,Kodak,ColorPlus,35mm,200,C-41,202508,1753147273,b7ba0705b07dae265333992b7734d12b,087223fc24654e3882a4596e3cea79ca,00084_000.jpg,@SirBrentsworth
85,0,film_box_outside,CineStill,800T,35mm,800,C-41,202609,1753147336,0ba99732b61ff1a127b414c76150da29,81978ca6f6d048b3a759dffdb80fb3ff,00085_000.jpg,@SirBrentsworth
85,1,film_box_inside,CineStill,800T,35mm,800,C-41,202609,1753147346,8f60346377c883e78f43fa3d50fdbb0c,fbd9b946fd4d46f8a45a46112dcd16ae,00085_001.jpg,@SirBrentsworth
86,0,film_box_outside,Kodak,Gold,35mm,200,C-41,202704,1753147686,968a9e9686fc431f793eb296862fbbef,856af2ca15fd4a0bad0df6eb29a2855e,00086_000.jpg,@SirBrentsworth
87,0,film_box_outside,Fujifilm,Superia Reala,35mm,100,C-41,200704,1753717134,b158259530002d50f2cd627759efab94,bab5fa204b25431a9872c4ce8e9aa7de,00087_000.jpg,@recycling.film
88,0,film_box_outside,Kodak,Portra,35mm,800,C-41,202506,1753717168,da2ad339cc4f9bd279844809c2ec7576,7ebac9d7fb8c4ff9b7fbabcaec1d7d65,00088_000.jpg,@recycling.film
89,0,film_box_outside,Kodak,Portra,35mm,160,C-41,201308,1753717208,172b90d1c20e0d94009226ce47ce704b,9131fb90db70475dbad5f63f1448ce56,00089_000.jpg,@recycling.film
90,0,film_box_outside,Ilford,HP5 Plus,35mm,400,BW,202208,1753717259,b5bba9a78992d38ff924146a1c7f8434,fcbc3377fa3d4ca9b58779f86ed7c725,00090_000.jpg,@recycling.film
91,0,film_box_outside,Kodak,ColorPlus,35mm,200,C-41,202608,1753717282,5419c8a441057cbc926e90686e3b829c,bd00cd25958d4108a7501bf4be9d6637,00091_000.jpg,@recycling.film
92,0,film_box_outside,Foma,Fomapan,35mm,200,BW,202801,1753731469,20ff99b8b0298fabd12e8bf5a84503cd,c3d51159b481435b90dbe2411de784a5,00092_000.jpg,lilyu.xyz
92,1,film_box_inside,Foma,Fomapan,35mm,200,BW,202801,1753731471,1350366d87ca4077b72b113cc28ebebb,ae13defc8e3d43e2988974430ea63335,00092_001.jpg,lilyu.xyz
93,0,film_box_outside,Agfa,APX,35mm,100,BW,202805,1753731627,2b9bcef535c29f2f8f5df70206434efd,ecf4e081ccf64a9a8606601f9f665276,00093_000.jpg,lilyu.xyz
93,1,film_box_inside,Agfa,APX,35mm,100,BW,202805,1753731629,f37febff5c4f63b34d5de2b6a9e8d261,286ea2dbf5394a36b8f013b9aaa33a46,00093_001.jpg,lilyu.xyz
94,0,film_box_outside,Kodak,Gold Ultra,35mm,400,C-41,200101,1753731807,501da7adb6c98bc284bcad7ce510999b,c2dc7711cd38434da5cfea8750f61358,00094_000.jpg,lilyu.xyz
94,1,film_box_outside,Kodak,Gold Ultra,35mm,400,C-41,200101,1753731810,8a071528e6fcba018f81bc4b484c4225,1501f7eec7f34d3788b6c7b94a4134df,00094_001.jpg,lilyu.xyz
95,0,film_box_outside,Kodak,Gold,35mm,100,C-41,200110,1753731929,5fe577cc84535a38d448b9fc1bbb96d1,e45118f7bd5e4ae682e5747a81f0ea58,00095_000.jpg,lilyu.xyz
95,1,film_box_outside,Kodak,Gold,35mm,100,C-41,200110,1753731932,abaa3fb1849e5ab30d6f680bf7a8f45d,86ebec2c1a1d41359d84654d24dbac69,00095_001.jpg,lilyu.xyz
96,0,film_box_outside,Perutz,Superomnia,9x12,125,BW,Unknown,1753732169,ba2ba538dca88814672ad9b3ae56afae,b220e7d5dbee49898fbd1d42ee67c90d,00096_000.jpg,lilyu.xyz
97,0,film_box_outside,Kodak,Kodacolor VR,35mm,200,C-41,198706,1753733441,938c04b11d33d81cc89a86364e066b59,a26daa2cb6e44957af3d978bc67e035f,00097_000.jpg,@ftfilmphotos
97,1,film_box_inside,Kodak,Kodacolor VR,35mm,200,C-41,198706,1753733443,2a4004a7c43dc26dea3cb7d8cf9bda13,185225c336bc491683c7a1806458c4e8,00097_001.jpg,@ftfilmphotos
98,0,film_box_outside,Agfa,Autolith Repo,9x12,Unknown,BW,Unknown,1753805828,6789121d99d9989091817dbb6b2bd70e,952823ad9ef14c75a83ac8e230b38e68,00098_000.jpg,Nano_Burger
99,0,film_box_outside,Kodak,Eastman High Contrast Panchromatic 7369,16mm,Unknown,D-97,Unknown,1753806037,6d0096c9a06103f8eca2a5530f80c50e,46cc0a179fc34cb4832e1d3336bafaec,00099_000.jpg,Nano_Burger
100,0,film_box_outside,Kodak,Ektachrome,35mm,400,E-6,199011,1753806162,74a6bb6020e861b2b9ba601fbade402d,2330da9237ad4dbaac0028199f363c96,00100_000.jpg,Nano_Burger
100,1,film_box_inside,Kodak,Ektachrome,35mm,400,E-6,199011,1753806164,af7f386a903d43e38935e47c2dda7a94,c8ecef6f805d4a7eab60f82855687e17,00100_001.jpg,Nano_Burger
101,0,film_box_outside,Agfa,Isopan FF,35mm,8,BW,194610,1753806406,1bf6753bda8fa954a425254ecb722833,9ea6437ea85442048ffe63b8b64c3700,00101_000.jpg,Nano_Burger
102,0,film_box_outside,Kodak,High Speed Infrared,35mm,80,BW,199003,1753806537,89f02950b4c232e96bc7065e287c9369,7b611fc399af469a80ac1a0124c84294,00102_000.jpg,Nano_Burger
102,1,film_box_leaflet,Kodak,High Speed Infrared,35mm,80,BW,199003,1753806539,90fd228a30db376017c2c59952a75b4f,5cdb927687974c8db4458239ed9a09b4,00102_001.jpg,Nano_Burger
102,2,film_box_leaflet,Kodak,High Speed Infrared,35mm,80,BW,199003,1753806546,22d0c2e6feaec15a23308e8077e972f9,1058c3167209457aac0f4336c911c8b3,00102_002.jpg,Nano_Burger
103,0,film_box_outside,Kodak,High Speed Infrared,35mm,80,BW,200810,1753806665,7dcd1dac1b98add6e58367509bc1e485,77352e93d73748eca98cff7b30d7883e,00103_000.jpg,Nano_Burger
103,1,film_box_inside,Kodak,High Speed Infrared,35mm,80,BW,200810,1753806667,9358d70074f9c58d4a5230253116191e,5667abf6f7f04edba88137bd54153841,00103_001.jpg,Nano_Burger
104,0,film_box_outside,Kodak,TMAX,35mm,3200,BW,199107,1753806754,ac5429feb30a24ba6c40190526b17391,9e4ea1efa5a54938985fdf8901951dff,00104_000.jpg,Nano_Burger
104,1,film_box_leaflet,Kodak,TMAX,35mm,3200,BW,199107,1753806756,234ca8fe1ca792fd25d9edd22fccddc7,b9d1b08379d9482bbc799101f6881f12,00104_001.jpg,Nano_Burger
104,2,film_box_leaflet,Kodak,TMAX,35mm,3200,BW,199107,1753806758,1ff153d650b4779322e2e05afbc2b19b,a6740f1fc4df4b80a8a4dee83a26c04b,00104_002.jpg,Nano_Burger
105,0,film_box_outside,Kodak,Rapid Process Copy Film,35mm,Unknown,BW,200006,1753806928,2f2ecdfadc0e5287ff6b6903f47b0483,396a3645cb9a40a4b0a6dd2fd854e66e,00105_000.jpg,Nano_Burger
105,1,film_box_outside,Kodak,Rapid Process Copy Film,35mm,Unknown,BW,200006,1753806930,af2e66b90c07f0781b43de22e0ea7971,bab6cc70d0044171a1afcf33b6cb5556,00105_001.jpg,Nano_Burger
105,2,film_box_inside,Kodak,Rapid Process Copy Film,35mm,Unknown,BW,200006,1753806932,4462f9084b30b81925a55853d6e3a146,fc2e102fecae4f2dbd04fd341fdb7afd,00105_002.jpg,Nano_Burger
106,0,film_box_outside,Kodak,Technical Pan,35mm,25,BW,199504,1753807209,edf0e6c4d6dab0f5413bac5d5ac388cc,e65b4252384141028ee037892c6bf4cf,00106_000.jpg,Nano_Burger
106,1,film_box_inside,Kodak,Technical Pan,35mm,25,BW,199504,1753807211,63ecb32036c0bc56a4b21add8f7ccc44,fd713c7576534f62832529c13f74996b,00106_001.jpg,Nano_Burger
107,0,film_box_outside,Kodak,High Speed Ektachrome,35mm,125,E-4,197701,1753826107,fea879cbc8e97ee86f99a9b5baf6053f,86470a73e4b5436b97ffb272be6bb8f8,00107_000.jpg,Henry Gunn
107,1,film_box_leaflet,Kodak,High Speed Ektachrome,35mm,125,E-4,197701,1753826109,ffb30a7ad3300afc42b3649c9d9373d0,6d7d9f75f74b4caebbb7a7c6e27c663b,00107_001.jpg,Henry Gunn
107,2,film_box_leaflet,Kodak,High Speed Ektachrome,35mm,125,E-4,197701,1753826117,45c00df2a4f9911345284353404a930d,e582ca2ca6ec44e49e9d9e96a56b930e,00107_002.jpg,Henry Gunn
108,0,film_box_outside,Tasma,OCh 50,35mm,50,BW,199105,1753826631,3e0a3532c86d2cfe869eac4c88b83da9,58211887217046be9d2dfcce8d0c5c43,00108_000.jpg,Henry Gunn
109,0,film_box_outside,Harman,Phoenix II,120,200,C-41,202706,1753910932,305e9f815f273ea39b2fe40687f128d9,42f9d40379814cf8b02c3f0daf74f686,00109_000.jpg,yc128
109,1,film_box_inside,Harman,Phoenix II,120,200,C-41,202706,1753910934,578a075e6c3f17089437237024a90b12,db80264f66ae451abd1b0cc6f34e3280,00109_001.jpg,yc128
110,0,film_box_outside,Harman,Phoenix II,35mm,200,C-41,202706,1753911085,ad094eb102899e7a65723567a6add5f2,f12ed23e31e14008a969fe05f29940df,00110_000.jpg,yc128
110,1,film_box_inside,Harman,Phoenix II,35mm,200,C-41,202706,1753911086,f4426c1140fddacbc049c8c570df58d4,b6dcbe9ae6ea4aebabaf290f3160a553,00110_001.jpg,yc128
111,0,film_box_outside,Ilford,FP4 Plus,120,125,BW,202604,1753911177,56c56b0a08f22bb579fd2c61424bbee8,c6c88d6d009048e9ac3721bdc7f076e7,00111_000.jpg,yc128
111,1,film_box_inside,Ilford,FP4 Plus,120,125,BW,202604,1753911179,a63d45d377629726f7519a3c80981a74,95c6d78d0b0540a9ba70dc769609a112,00111_001.jpg,yc128
112,0,film_box_outside,SantaColor,SantaColor,35mm,100,C-41,202509,1753911376,be9d5a2427813193ee1c7761ef03306b,e54ce68c797b4846b9aee3f5818ecb58,00112_000.jpg,yc128
113,0,film_box_outside,Kodak,Ektachrome 100 Plus,35mm,100,E-6,200208,1753921101,f16605d70311bb7a8a6165aeb15d8abc,b17b7b46926e49ae88a7b74904245d9f,00113_000.jpg,toader
113,1,film_box_inside,Kodak,Ektachrome 100 Plus,35mm,100,E-6,200208,1753921126,4cbbcfea4d5cbd54c9aadf83202dbf44,1ac536af04e3459fa3389050a3c93bee,00113_001.jpg,toader
114,0,film_box_outside,Kodak,Ektachrome Elite,35mm,100,E-6,199511,1753921168,866cafae699ccb031c49a1295e583f91,175cf2b69fe3413093d9d7f9ea0d26ef,00114_000.jpg,toader
114,1,film_box_inside,Kodak,Ektachrome Elite,35mm,100,E-6,199511,1753921170,7b1dd6ccf0d9ecdde69b9dca34977c9c,89d1b19f3e364f55adc2523a07ed9ddb,00114_001.jpg,toader
115,0,film_box_outside,Agfa,Agfapan Rapid,35mm,40,BW,196902,1753984184,c271faf0fbbe18f8c552e3424e0757b5,b2470c1734d344698f6e1c01eaa85e7b,00115_000.jpg,The Compartmentalist
116,0,film_box_outside,Fujifilm,Sensia,35mm,100,E-6,199801,1753984208,9a3a461d947d1797d9082e839572aa9c,d4fdfa0d829f4fcab984381a31f2a59b,00116_000.jpg,The Compartmentalist
116,1,film_box_inside,Fujifilm,Sensia,35mm,100,E-6,199801,1753984212,a41aa55b1c6c063eb0077e68dc0cc9ac,4f21cef93ed3401caed74619ffa2b595,00116_001.jpg,The Compartmentalist
117,0,film_box_outside,Fujifilm,Fujicolor Professional,35mm,100,C-41,201202,1753984324,fcd1d1e1fdf374f9f13af00cdd13c35c,cb85af928a7f454e9673960e22b428da,00117_000.jpg,The Compartmentalist
118,0,film_box_outside,Fujifilm,Neopan SS Rapid,35mm,100,BW,197502,1753984391,57713c63518f11e20c1f915d5c95d2ae,1c541b4c837944d788eab8986f349db3,00118_000.jpg,The Compartmentalist
119,0,film_box_outside,Kodak,Ektachrome-X,35mm,64,E-4,197306,1753984526,d6ad79e59ac09fcb76ddd952b3280cb4,6a81b1428cfe46c8b9cf187fb672aec5,00119_000.jpg,The Compartmentalist
120,0,film_box_outside,Kodak,Ektachrome-X,828,64,E-4,197203,1753984594,eb1360259f5f2a01710b3db958fca791,4ee1eec740dd4838a83384cc19c6ae7e,00120_000.jpg,The Compartmentalist
121,0,film_box_outside,Kodak,Kodachrome,35mm,25,K-14,198303,1753984637,c24a59f0ac56bca3dd7560cffbe7a7fc,6239a04366d74208a9010cd231688833,00121_000.jpg,The Compartmentalist
122,0,film_box_outside,Sakura,Sakuracolor II,35mm,100,C-41,197802,1753984704,1873ac452283f086c8cf9f4c594e442c,0143ad8539d84710845f4d2dc82e4f7d,00122_000.jpg,The Compartmentalist
123,0,film_box_outside,Bergger,Pancro400,35mm,400,BW,202612,1753986816,c131ce8b1f43a76540d7faa0ea982719,0d9fee6b29f445f089acde3247d1f619,00123_000.jpg,Pelicram
123,1,film_box_inside,Bergger,Pancro400,35mm,400,BW,202612,1753986818,22970039e291b6291b6c27b3beaf1099,29d10e873e704093bd65148f288f968b,00123_001.jpg,Pelicram
124,0,film_box_outside,Bergger,Pancro400,120,400,BW,202603,1753986899,5e257bc424c6f38e0108ea7c400f2c86,73396128854a4c6ab3723a549225ad7b,00124_000.jpg,Pelicram
124,1,film_box_inside,Bergger,Pancro400,120,400,BW,202603,1753986901,8d94dd083a2c96955b53ffcb98a146a5,5643e1130f1949c48dfdeddc7c7a955f,00124_001.jpg,Pelicram
125,0,film_box_outside,Ilford,Delta,120,3200,BW,202505,1753987003,91bae56e50f50b6a6d97870eea67a267,78d1111d1b234dcfb272c00d7935920f,00125_000.jpg,Pelicram
125,1,film_box_inside,Ilford,Delta,120,3200,BW,202505,1753987006,acd8b1ea7089cef0e2578fe3236d6091,06dcb1f1f350482ba935ad30bd5a42b6,00125_001.jpg,Pelicram
126,0,film_box_outside,Ilford,Delta,35mm,3200,BW,202706,1753987025,79c5c4473e617671924d4c1ae2231227,d6f377dbe74745a0aacdf51ce7669b54,00126_000.jpg,Pelicram
126,1,film_box_inside,Ilford,Delta,35mm,3200,BW,202706,1753987027,b47713faf14a99d7a7579b01cbee6356,3921b5a404564bb2b4231bf59d22e6d3,00126_001.jpg,Pelicram
127,0,film_box_outside,Foma,Ortho,120,400,BW,202604,1753987430,39ec1b3dc6b1aa2c250ac3073ebebf0e,4c97e2b7413b42278b0fd129c1c589e7,00127_000.jpg,Pelicram
127,1,film_box_inside,Foma,Ortho,120,400,BW,202604,1753987433,0eea9c8b25539ddadd43a74dc2684177,728d195752464a448163dbb0ad4e8aa0,00127_001.jpg,Pelicram
128,0,film_box_outside,SantaColor,SantaColor,35mm,100,C-41,202509,1753987468,93b211386347ccabc255d6bc09d92bff,0a141b49a84a4b06a18355308940f3a7,00128_000.jpg,Pelicram
129,0,film_box_outside,Foma,Fomapan,35mm,100,BW,202707,1753988508,e86acef629c00a3aa95c82b6753a42f4,bf1734a1ea48495d92afb7d03bdf0030,00129_000.jpg,Pelicram
129,1,film_box_inside,Foma,Fomapan,35mm,100,BW,202707,1753988510,8d59ba23852dfff38e6b78401fe0db70,01adf7d0b4df41f990c60d5cafb7f55f,00129_001.jpg,Pelicram
130,0,film_box_outside,Svema,Foto,35mm,400,BW,202604,1753988560,2317871389f74180608b38e578035eab,6e9f27ffcfea4f298be7d33d7f3826ad,00130_000.jpg,Pelicram
131,0,film_box_outside,Wolfen,NP100,35mm,100,BW,202712,1753988614,725c8e2513f871706144599592b7cade,898148fa3a754866a407bbecec4a71a6,00131_000.jpg,Pelicram
132,0,film_box_outside,JCH,Streetpan,35mm,400,BW,202502,1753988658,c3e826502f766540bc540a6827669a91,1873b4d20d2a47659ab15d0af4146e58,00132_000.jpg,Pelicram
132,1,film_box_inside,JCH,Streetpan,35mm,400,BW,202502,1753988666,f19707ee740101a45bc59bac436a3105,19dfce255f604980b0f596b8895d923f,00132_001.jpg,Pelicram
133,0,film_box_outside,Foma,Fomapan,120,100,BW,202704,1753988709,504cec2878a43ad365f4b8ac686337ca,a0786cc1bc884f66bbb84118d55665ad,00133_000.jpg,Pelicram
133,1,film_box_inside,Foma,Fomapan,120,100,BW,202704,1753988714,86d5df9642412def1f86be849469abea,0d7f7062ffb34d0c91f0080e3749cbe4,00133_001.jpg,Pelicram
134,0,film_box_outside,Lomography,Orca,110,100,BW,202707,1753988762,9cfb382ee7935f390cca8d3e95cfc03c,6d10288df24748fa8944774857f3d506,00134_000.jpg,Pelicram
135,0,film_box_outside,Kodak,Tri-X,35mm,400,BW,202609,1753988794,9e5fe20dd21f79507b7b1a99c9b2d3b0,0417faf4f5be42538db49741140bc671,00135_000.jpg,Pelicram
136,0,film_box_outside,Rollei,RPX 400,35mm,400,BW,202808,1753988855,c8733929469e3989b26e38f41f416db4,19ef81d6d03844b088250c7b54032155,00136_000.jpg,Pelicram
136,1,film_box_inside,Rollei,RPX 400,35mm,400,BW,202808,1753988857,b85b1f949765058a36df21250552c984,962831862dbc4da89c8b979e5fb6584b,00136_001.jpg,Pelicram
137,0,film_box_outside,Hazenfilm,Sorolla Chrome,35mm,100,E-6,202608,1753988927,92804cf1383f6231f1059338ec793f7e,462e32d45cd740cf866732a73a00889f,00137_000.jpg,Pelicram
138,0,film_box_outside,Konica,VX200,35mm,200,C-41,200303,1753988966,84070030a3a366263d25e090186e3434,dd3a6c347560484295ca09c86e3dfe53,00138_000.jpg,Pelicram
138,1,film_box_inside,Konica,VX200,35mm,200,C-41,200303,1753988969,74ecfe146d9ad8c7e4f06829836f1faa,9f45eb2e52134da79a732605103a6f39,00138_001.jpg,Pelicram
139,0,film_box_outside,Fujifilm,Fujicolor Superia,35mm,200,C-41,200007,1753989032,2b0f1ce56ed21dbbdfd52a96dc5aaeaa,2b50b3d82a7340ffbe9bff871793d1b7,00139_000.jpg,Pelicram
139,1,film_box_inside,Fujifilm,Fujicolor Superia,35mm,200,C-41,200007,1753989035,d21b34a8c75c1d95219438e8ee338e02,a193a13c20a24dada68357552593974f,00139_001.jpg,Pelicram
140,0,film_box_outside,Ilford,HP5 Plus,120,400,BW,201206,1753989060,7a445c7d3b74282404f974c78debf78e,dbf3817f506a444b9d394745dba311a8,00140_000.jpg,Pelicram
140,1,film_box_inside,Ilford,HP5 Plus,120,400,BW,201206,1753989062,1136151606592a5b548dedcb7ea975c0,17ab4481b81243c9bbc211688ba2336a,00140_001.jpg,Pelicram
141,0,film_box_outside,Lomography,Fantome,35mm,8,BW,202601,1753989108,e77c329a3265dc8fa4a450f0f9801404,538e7611233a4cc3bd733763bf694340,00141_000.jpg,Pelicram
142,0,film_box_outside,Kodak,TMAX,35mm,3200,BW,202608,1753989170,900e786e3adddac8615560e4e31bebfb,8f91948e930f491a8684337e32d443a2,00142_000.jpg,Pelicram
143,0,film_box_outside,Lomography,Tiger,110,200,C-41,202609,1753989216,78e8ab8c3779bc3ea9dfb8ce8efeff5c,e8a5b04ef68c43ae9e79df89123726dd,00143_000.jpg,Pelicram
144,0,film_box_outside,Kodak,TMAX,35mm,3200,BW,202604,1753989244,d17951b2510f1ca02f01e57b0da723be,39fa3ae0251e4cdbaf8240602537521a,00144_000.jpg,Pelicram
145,0,film_box_outside,Kentmere,PAN,35mm,400,BW,202907,1753989274,eefab399f0ab5d9a8616d2df17e222aa,58f2bea3a3204a1dafebf2881d99a327,00145_000.jpg,Pelicram
145,1,film_box_inside,Kentmere,PAN,35mm,400,BW,202907,1753989276,ed6caca95e9ec4edb46cae11e269dd87,c771fff8ecbb4c9b981f3606dd4fa428,00145_001.jpg,Pelicram
146,0,film_box_outside,Kodak,VÃ¤rikuvafilmi,35mm,200,C-41,200112,1753989376,088ec288d1472fa10dce64d71e51aed8,b8795d19697a453c8f27fde773eaf9ff,00146_000.jpg,Pelicram
147,0,film_box_outside,Lomography,Babylon,35mm,13,BW,202509,1753989404,1d674d9a0c1a2691a4e62ad495c55eed,9d7f531c7a764f9689228ab477297afa,00147_000.jpg,Pelicram
148,0,film_box_outside,Agfa,Isopan ISS,35mm,100,BW,196311,1753990168,9c71c3d1b13034fa98a3c4cdf8cb78b9,cdcaa912ee0142c3b76eb1500e2375fa,00148_000.jpg,Pelicram
149,0,film_box_outside,Kodak,Gold,35mm,100,C-41,199905,1753991067,40aa38330d0d6cfa4d7bfac32da52d4a,c56f944bf87d40dcac75cf41aeb82f8d,00149_000.jpg,stefanie
150,0,film_box_outside,Fujifilm,Fujicolor SuperHG,35mm,100,C-41,199407,1753991100,2108de6e018afcfaf99bb9d5fdbafbea,9233714654ff481089c2d4ff1334ee94,00150_000.jpg,stefanie
150,1,film_box_inside,Fujifilm,Fujicolor SuperHG,35mm,100,C-41,199407,1753991102,404419cd9914d9be9beff07d17dd18cc,302969081f4442239212b8e123d38378,00150_001.jpg,stefanie
151,0,film_box_outside,Alfo,ALFOcolor PR-G,35mm,1600,C-41,199308,1753991226,f673e8a49e6bb09c76a86a8e053295b5,cc723aa89e9e43ec8ac1ebd18efa94b9,00151_000.jpg,stefanie
152,0,film_box_outside,Agfa,Agfacolor XRG,35mm,200,C-41,200503,1753991293,ab9b380f73157e29cece410bcf774529,86136eea89d14e15b60dfcdf45b1689e,00152_000.jpg,stefanie
152,1,film_box_inside,Agfa,Agfacolor XRG,35mm,200,C-41,200503,1753991296,92ef6a04efba1d4fcc3c1e01cf35e1c7,5598d8aac5844772a87d019a7d37e9f6,00152_001.jpg,stefanie
153,0,film_box_outside,Kodak,Kodacolor VR Plus,35mm,400,C-41,201203,1753991336,21e56cc1a11e3225f11771f03988ee63,faf0a44eece541a9b701feb772f4f8bf,00153_000.jpg,stefanie
154,0,film_box_outside,Kodak,Ektachrome,Super 8,160,Unknown,198011,1753991791,2b11a632fe93ca22801ea60a2c313c4e,6032680a3aba41b39c600d7e23998f62,00154_000.jpg,stefanie
154,1,film_box_leaflet,Kodak,Ektachrome,Super 8,160,Unknown,198011,1753991793,4f3fd31575d1da543e3308d81dcd4040,28c6f19bd37e4199a072687d11b19961,00154_001.jpg,stefanie
154,2,film_box_leaflet,Kodak,Ektachrome,Super 8,160,Unknown,198011,1753991796,4166922268f826d30b7f95edc16be00a,5d06a8833e0e44e8ab8d53bc0ce11095,00154_002.jpg,stefanie
154,3,film_box_processing_envelope,Kodak,Ektachrome,Super 8,160,Unknown,198011,1753991800,e92ef35683fc722bc86a3271c108c716,870ff01807e949a7b361cdad01dddf7f,00154_003.jpg,stefanie
154,4,film_box_processing_envelope,Kodak,Ektachrome,Super 8,160,Unknown,198011,1753991802,c0ac003b8ed9bfc15c827f704b4f0ca1,31df442b386446679540b0cf52c92fd7,00154_004.jpg,stefanie
155,0,film_box_outside,Kodak,Ektachrome E100,35mm,100,E-6,202702,1754119896,c435419f4cb4ab3d440feb1645e4416e,829cd9dd98cd489f8bff71e403c1ae10,00155_000.jpg,toader
156,0,film_box_outside,Polaroid,Color SX-70 Film,Integral Film,160,Instant,202504,1754120107,716bf1b0a4b8b2088af6cf0a83a62bd4,b4af154cea6f40c0aa1d4154d0c2dc7f,00156_000.jpg,toader
156,1,film_box_outside,Polaroid,Color SX-70 Film,Integral Film,160,Instant,202504,1754120109,9b4151542c13754ad750b016d0e1c5ca,5ce2d6b8b1894bf7b67c5a9fdd635a6e,00156_001.jpg,toader
156,2,film_box_inside,Polaroid,Color SX-70 Film,Integral Film,160,Instant,202504,1754120113,cb2cbb811ed09bcece22865798d2c8c1,170151c0a84e459db08a9b3718b67743,00156_002.jpg,toader
156,3,film_box_inside,Polaroid,Color SX-70 Film,Integral Film,160,Instant,202504,1754120117,97aa3a8076904e4dba37f286f5b801d8,3c3020e2767a48b88a7dd8662a0ec06d,00156_003.jpg,toader
157,0,film_box_outside,Polaroid,Color 600 Film Round Frame,Integral Film,640,Instant,202412,1754120157,be8ae0fae163fc61a253c8b26a611594,e798fdd114be4a018cb7651bba94d985,00157_000.jpg,toader
157,1,film_box_outside,Polaroid,Color 600 Film Round Frame,Integral Film,640,Instant,202412,1754120159,cd206563bad1a85f47282de26471aede,b9ec4052b0d548ef90f77d7fc99d0ccb,00157_001.jpg,toader
157,2,film_box_inside,Polaroid,Color 600 Film Round Frame,Integral Film,640,Instant,202412,1754120162,a9c22b3816082f27021c2cbfa5d43ac8,95b81cc72d3646d6966a2341510333aa,00157_002.jpg,toader
157,3,film_box_inside,Polaroid,Color 600 Film Round Frame,Integral Film,640,Instant,202412,1754120165,b4a779e913298da563415977be144fff,038f964e849d4fd1a0c6f1aeb6dd4b0e,00157_003.jpg,toader
